Catfruit Jubilee|Catfruit Jubilee|Catfruit Jubilee|＠|||||||
Catfruit Jubilee|Catfruit Jubilee|Catfruit Jubilee|＠|||||||
Catfruit Jubilee|Catfruit Jubilee|Catfruit Jubilee|＠|||||||
Catfruit Jubilee|Catfruit Jubilee|Catfruit Jubilee|＠|||||||
Catfruit Jubilee|Catfruit Jubilee|Catfruit Jubilee|＠|||||||
Doom Paradise (Insane)|＠|||||||||
Acts of Cat-God (Insane)|＠|||||||||
Space is the Place (Insane)|＠|||||||||
Violet Flash (Hard)|＠|||||||||
Red Passions (Hard)|＠|||||||||
Blue Illusion (Hard)|＠|||||||||
Rays of Gold (Hard)|＠|||||||||
Violet Flash (Expert)|＠|||||||||
Red Passions (Expert)|＠|||||||||
Blue Illusion (Expert)|＠|||||||||
Rays of Gold (Expert)|＠|||||||||
Violet Flash (Insane)|＠|||||||||
Red Passions (Insane)|＠|||||||||
Blue Illusion (Insane)|＠|||||||||
Rays of Gold (Insane)|＠|||||||||
Catfruit Jubilee|Catfruit Jubilee|Catfruit Jubilee|＠|||||||
in THE MOON|＠|||||||||
Color of Blood (Merciless)|Fear of Flying (Merciless)|Hearts of Darkness (Merciless)|Holy Wrath (Merciless)|Galactic Threat (Merciless)|Clash of Steel (Merciless)|Seas of Death (Merciless)|＠|||
|＠|||||||||
|＠|||||||||
＠||||||||||
＠||||||||||
＠||||||||||
＠||||||||||
＠||||||||||