An Ancient Curse|＠|||||||||||||
Pilaf Field|Nyandaria|Annin Pass|Ajillo Highlands|Pasta Desert|Mince Hill|＠|||||||||||||
Kosamin Ruins|Shallow Sea Green|Playing Bandits|Buggy Hollows|Thriller Grin|John Gool|＠|||||||||||||
Marine Town|Wandering Conch|Palcaccio Waters|Utsubobo Seamount|Frontier Dawn|Rutsborg Vortex|＠|||||||||||||
Crowded Surf|Mutinous Waves|Buoys & Gills|On the Rocks|Seahorse Siren|Young Cuttlefish|＠|||||||||||||
Deadly Weapons|Inspirational Mural|Sunlit Caves|Glittering Peaks|Murmuring Evil|Languid Lakeside|＠|
Midnight Lycopene|Metroasis|Paper Skyscraper|Rogue's Twilight|Concrete Ocean|Unmanned Station|＠|
Panic Tower|Lady in the Clink|No Hope Ranch|Hunter's Hills|Morbid Mesa|Revolver Ridge|＠|
Escolar Coast|Project Walrus|Loach Breach|Seagull Reserve|Roe Row|Heron's Call|＠|
Cricket Ideology|Gutter Lord|Veggie Friends|Snitches Get Stitches|Shocking Exile|The Red Cat Gambit|＠|
Magma Bath|Pyroclastic Flow|Ashen Rain|Sage of the Peak|Raging Caldera|Supervolcano|＠|
A Joyful Song|Cave Maidens|Good Spirits|Woods of Resentment|Hermit Chatterbox|Primitive Souls|＠|
Iwa Rock Reef|Nautilus Tomb|Lost Sailors|Caged Carp|Quay of Camels|Endless Dead Zone|＠|
Holiday Atonement|A Private Rainforest|Rude on the Beach|13th Ward Resident|Spa of Ascension|Wonders of Nature|＠|
Pulling Hair|Mermaid Sauce|Lord's Lecture|Cracked Column|Guardian of Innocence|Total Myopia|＠|
Eager Entryway|Fainting Porch|Hangover Couch|Tidy Kitchen|Bathtub of Whimsy|Lamb's Boudoir|＠|