800	Receive one Rare Ticket.
900	Rare Cats may be <br>upgraded to Level 25. <br><span class="fs76">※Upgrade Cats using XP</span>
1000	Super Rare Cats may be <br>upgraded to Level 25. <br><span class="fs76">※Upgrade Cats using XP</span>
1100	Uber Rare Cats may be <br>upgraded to Level 25. <br><span class="fs76">※Upgrade Cats using XP</span>
1200	Rare Cats may be <br>upgraded to Level 30. <br><span class="fs76">※Upgrade Cats using XP</span>
1300	Super Rare Cats may be <br>upgraded to Level 30. <br><span class="fs76">※Upgrade Cats using XP</span>
1400	Uber Rare Cats may be <br>upgraded to Level 30. <br><span class="fs76">※Upgrade Cats using XP</span>
1500	Normal Cats may be <br>upgraded to MAX+25. 
1600	Special Cats may be <br>upgraded to Level 30. <br><span class="fs76">※Upgrade Cats using XP</span>
1700	Normal Cats may be <br>upgraded to MAX+30. <br><span class="fs76">※Use Cat Capsules to upgrade</span>
1800	Rare Cats may be <br>upgraded to MAX+20. <br><span class="fs76">※Use Rare Capsules to upgrade</span>
1900	Rare Cats may be <br>upgraded to MAX+30. <br><span class="fs76">※Use Rare Capsules to upgrade</span>
2000	Super Rare Cats may be <br>upgraded to MAX+20. <br><span class="fs76">※Use Rare Capsules to upgrade</span>
2100	Uber Rare Cats may be <br>upgraded to MAX+20. <br><span class="fs76">※Use Rare Capsules to upgrade</span>
2200	Receive one Rare Ticket.
2300	Rare Cats may be <br>upgraded to MAX+40. <br><span class="fs76">※Use Rare Capsules to upgrade</span>
2400	Super Rare Cats may be <br>upgraded to MAX+30. <br><span class="fs76">※Use Rare Capsules to upgrade</span>
2500	Uber Rare Cats may be <br>upgraded to MAX+30. <br><span class="fs76">※Use Rare Capsules to upgrade</span>
2600	Receive one Rare Ticket.
2700	Unlock 3 new CatCombos.
2800	Receive one Rare Ticket.
2900	Normal Cats may be <br>upgraded to MAX+35. <br><span class="fs76">※Use Cat Capsules to upgrade</span>
3000	Normal Cats may be <br>upgraded to MAX+40. <br><span class="fs76">※Use Cat Capsules to upgrade</span>
3100	Rare Cats may be <br>upgraded to MAX+50. <br><span class="fs76">※Use Rare Capsules to upgrade</span>
3200	Super Rare Cats may be <br>upgraded to MAX+40. <br><span class="fs76">※Use Rare Capsules to upgrade</span>
3300	Uber Rare Cats may be <br>upgraded to MAX+40. <br><span class="fs76">※Use Rare Capsules to upgrade</span>
3400	Receive one Rare Ticket.
1450	Unlock 3 new CatCombos.
2150	Unlock 3 new CatCombos.
1550	Receive 1 Epic Catfruit.
1650	Receive 3 Special Catseyes.
1750	Receive 3 Rare Catseyes.
1850	Receive 3 Super Rare Catseyes.
1950	Receive 3 Uber Rare Catseyes.
3500	Normal Cats may be <br>upgraded to MAX+45. <br><span class="fs76">※Use Cat Capsules to upgrade</span>
3550	Normal Cats may be <br>upgraded to MAX+50. <br><span class="fs76">※Use Cat Capsules to upgrade</span>
3600	Super Rare Crazed Cats may be <br>upgraded to Level 25. <br><span class="fs76">※Use XP Capsules to upgrade</span>
3650	Super Rare Crazed Cats may be <br>upgraded to Level 30. <br><span class="fs76">※Use XP Capsules to upgrade</span>
4000	Receive one Rare Ticket.
4050	Rare Cats may be <br>upgraded to MAX+60. <br><span class="fs76">※Use Rare Capsules to upgrade</span>
4100	Super Rare Cats may be<br>upgraded to MAX+50. <br><span class="fs76">※Use Rare Capsules to upgrade</span>
4150	Uber Rare Cats may be<br>upgraded to MAX+50. <br><span class="fs76">※Use Rare Capsules to upgrade</span>
2250	Receive 1 Epic Catfruit.
2350	Receive 3 Special Catseyes.
2450	Receive 3 Rare Catseyes.
2550	Receive 3 Super Rare Catseyes.
2650	Receive 3 Uber Rare Catseyes.
3050	Receive 1 Epic Catfruit.
3150	Receive 3 Special Catseyes.
3250	Receive 3 Rare Catseyes.
3350	Receive 3 Super Rare Catseyes.
3450	Receive 3 Uber Rare Catseyes.
100	Receive one Rare Ticket.
200	Receive 5 Speed-Ups.
300	Receive 50,000 XP
400	Receive one Treasure Radar.
500	Receive 2 Cat Tickets.
600	Receive 2 Cat Jobs.
700	Receive 100,000 XP
3700	Receive 3 Treasure Radars.
3750	Receive 3 Epic Catfruit.
3800	Receive 3 Special Catseyes.
3850	Receive 3 Rare Catseyes.
3900	Receive 3 Super Rare Catseyes.
3950	Receive 3 Uber Rare Catseyes.
4200	Normal Cats may be <br>upgraded to MAX+55. <br><span class="fs76">※Use Cat Capsules to upgrade</span>
4250	Normal Cats may be <br>upgraded to MAX+60. <br><span class="fs76">※Use Cat Capsules to upgrade</span>
4300	Receive 3 Epic Catfruit.
4350	Receive 3 Special Catseyes.
4400	Receive 3 Rare Catseyes.
4450	Receive 3 Super Rare Catseyes.
4500	Receive 3 Uber Rare Catseyes.
4550	Receive one Rare Ticket.
4600	Rare Cats may be <br>upgraded to MAX+70. <br><span class="fs76">※Use Rare Capsules to upgrade</span>
4650	Super Rare Cats may be <br>upgraded to MAX+60. <br><span class="fs76">※Use Rare Capsules to upgrade</span>
4700	Uber Rare Cats may be <br>upgraded to MAX+60. <br><span class="fs76">※Use Rare Capsules to upgrade</span>
1050	Receive 3 Rich Cats.
1150	Receive 2 Sniper the Cats.
1250	Receive 2 Cat Tickets.
1350	Receive one Rare Ticket.
2050	Receive 3 Catamin Cs.
2750	Receive 5 Sniper the Cats.
2850	Receive 3 Catamin Cs.
2950	Receive 3 Cat Tickets.
4750	Receive 5 Green Catfruit.
4800	Receive 5 Purple Catfruit.
4850	Receive 5 Red Catfruit.
4900	Receive 5 Blue Catfruit.
4950	Receive 5 Yellow Catfruit.
5000	Receive 5 Epic Catfruit.
5050	Normal Cats may be <br>upgraded to MAX+65. <br><span class="fs76">※Use Cat Capsules to upgrade</span>
5100	Normal Cats may be <br>upgraded to MAX+70. <br><span class="fs76">※Use Cat Capsules to upgrade</span>
5150	Receive one Rare Ticket.
5200	Receive 5 Special Catseyes.
5250	Receive 5 Rare Catseyes.
5300	Receive 5 Super Rare Catseyes.
5350	Receive 5 Uber Rare Catseyes.
5400	Receive 3 Treasure Radars.
5750	Normal Cats may be <br>upgraded to MAX+75. <br><span class="fs76">※Use Cat Capsules to upgrade</span>
5800	Normal Cats may be <br>upgraded to MAX+80. <br><span class="fs76">※Use Cat Capsules to upgrade</span>
5450	Receive 5 Green Catfruit.
5500	Receive 5 Purple Catfruit.
5550	Receive 5 Red Catfruit.
5600	Receive 5 Blue Catfruit.
5650	Receive 5 Yellow Catfruit.
5700	Receive 5 Epic Catfruit.
5850	Rare Cats may be <br>upgraded to MAX+80. <br><span class="fs76">※Use Rare Capsules to upgrade</span>
5900	Super Rare Cats may be <br>upgraded to MAX+70. <br><span class="fs76">※Use Rare Capsules to upgrade</span>
5950	Uber Rare Cats may be <br>upgraded to MAX+70. <br><span class="fs76">※Use Rare Capsules to upgrade</span>
6000	Receive one Rare Ticket.
6500	Receive 5 Epic Catfruit.
7000	Receive one Rare Ticket.
6100	Receive 5 Special Catseyes.
6200	Receive 5 Rare Catseyes.
6300	Receive 5 Super Rare Catseyes.
6400	Receive 5 Uber Rare Catseyes.
6600	Receive 5 Catamin As.
6700	Receive 5 Catamin Bs.
6800	Receive 5 Catamin Cs.
6900	Receive 5 Green Catfruit.
7500	Receive 5 Epic Catfruit.
8000	Receive one Rare Ticket.
7100	Receive 5 Purple Catfruit
7200	Receive 5 Red Catfruit
7300	Receive 5 Blue Catfruit
7400	Receive 5 Yellow Catfruit
7777	Receive 7 Rare Tickets
7600	Receive 5 Special Catseyes.
7700	Receive 5 Rare Catseyes.
7800	Receive 5 Super Rare Catseyes.
7900	Receive 5 Uber Rare Catseyes.
8500	Receive 5 Epic Catfruit
9000	Receive 1 Rare Ticket
8100	Receive 5 Catamin A.
8200	Receive 5 Catamin B.
8300	Receive 5 Catamin C.
8400	Receive 5 Green Catfruit.
8600	Receive 5 Purple Catfruit
8700	Receive 5 Red Catfruit
8800	Receive 5 Blue Catfruit
8900	Receive 5 Yellow Catfruit
9100	Receive 5 Special Catseyes.
9200	Receive 5 Rare Catseyes.
9300	Receive 5 Super Rare Catseyes.
9400	Receive 5 Uber Rare Catseyes.
9500	Receive 5 Epic Catfruit
1110	??? Cats can now be<br>upgraded up to Level 25.<br><span class="fs76">*Use XP to power up!*</span>
1410	??? Cats can now be<br>upgraded up to Level 30.<br><span class="fs76">*Use XP to power up!*</span>
10000	Gained a Platinum Ticket!
9600	Receive 5 Special Catseyes.
9700	Receive 5 Rare Catseyes.
9800	Receive 5 Super Rare Catseyes.
9900	Receive 5 Uber Rare Catseyes.
10500	Receive 1 Elder Catfruit.
11000	Receive 1 Rare Ticket
10100	Receive 5 Catamin As.
10200	Receive 5 Catamin Bs.
10300	Receive 5 Catamin Cs.
10400	Receive 5 Green Catfruit.
10600	Receive 5 Purple Catfruit.
10700	Receive 5 Red Catfruit.
10800	Receive 5 Blue Catfruit.
10900	Receive 5 Yellow Catfruit.
11500	Receive one Elder Catfruit.
12000	Receive one Rare Ticket.
11100	Receive 5 Special Catseyes.
11200	Receive 5 Rare Catseyes.
11300	Receive 5 Super Rare Catseyes.