stageID	fusumaSE	fusuma	fusuma	fusumaPNGFile	fusumaIMGCUTFile	bannerPNGFile	bannerIMGCUTFile	nekoFile	TitleBG	TitleLogo	bgm	bannerPercent	TitlePercent	EventWeight	SelectStageFile	SelectStageRange	Reverse	Priority
2011	46	0	458			event_bnr_C_011.png	event_bnr00.imgcut				2	50	0	0		0	0	0
2021	46	24	509	img009_C_021.png	img009_Event01.imgcut	event_bnr_C_021.png	event_bnr00.imgcut				2	50	0	0		0	0	0
2029	56	0	458	img009_C_029.png	img009_Event00.imgcut	event_bnr_C_029.png	event_bnr00.imgcut	C_029			2	100	0	0		0	0	0
2031	-1	0	458	img009_C_031.png	img009_Event00.imgcut	event_bnr_C_031.png	event_bnr00.imgcut	C_031	_C_031	_C_031	2	100	50	0		0	0	0
2038	46	0	458			event_bnr_C_038.png	event_bnr00.imgcut				2	50	0	0		0	0	0
1127	46	0	458	img009_S_127.png	img009_Event00.imgcut			S_127			2	0	0	0		0	0	0
2041	46	0	458	img009_C_041.png	img009_Event00.imgcut	event_bnr_C_041.png	event_bnr00.imgcut				2	50	0	0		0	0	0
2052	-1	0	458	img009_C_052.png	img009_Event00.imgcut	event_bnr_C_052.png	event_bnr00.imgcut	C_052			2	100	0	0		0	0	0
1156	46	0	458	img009_S_156.png	img009_Event00.imgcut			S_156		_S_156	2	0	100	0		0	0	0
2058	46	0	458	img009_C_058.png	img009_Event00.imgcut	event_bnr_C_058.png	event_bnr00.imgcut	C_058			2	100	0	0		0	0	0
2064	46	0	458			event_bnr_C_064.png	event_bnr00.imgcut				2	50	0	0		0	0	0
2065	46	0	458	img009_C_065.png	img009_Event00.imgcut	event_bnr_C_065.png	event_bnr00.imgcut		_C_065	_C_065	2	50	50	0		0	0	0
2067	-1	0	458	img009_C_065.png	img009_Event00.imgcut	event_bnr_C_065.png	event_bnr00.imgcut	C_065	_C_065	_C_065	76	20	100	1		0	0	1
2068	-1	0	458	img009_C_065.png	img009_Event00.imgcut	event_bnr_C_065.png	event_bnr00.imgcut	C_065	_C_065	_C_065	76	20	100	1		0	0	1
2069	46	0	458	img009_C_069.png	img009_Event00.imgcut	event_bnr_C_069.png	event_bnr00.imgcut	C_069			2	100	0	0		0	0	0
2079	46	0	458			event_bnr_C_079.png	event_bnr00.imgcut				2	50	0	0		0	0	0
2088	46	0	458			event_bnr_C_011.png	event_bnr00.imgcut				2	50	0	0		0	0	0
1204	46	0	458	img009_C_101.png	img009_Event00.imgcut	event_bnr_C_065.png	event_bnr00.imgcut		_C_065	_C_065	88	50	50	1		0	0	2
2102	-1	0	458	img009_C_101.png	img009_Event00.imgcut	event_bnr_C_065.png	event_bnr00.imgcut	C_102	_C_065	_C_065	76	50	100	1		0	0	3
2105	46	0	458			event_bnr_C_105.png	event_bnr00.imgcut				2	50	0	1		0	0	2
