2,-1,51,-1,-1,    //マップ番号 0～16,　アイテム報酬型ステージ設定(-1:OFF 0:ON),　スコア報酬型ステージ設定(-1:OFF 0:ON)
3,					//マップパターン 0～3
110,3300,33,100,33,0,1,1,-2,-2,-2,-2,-2,-2,-2,1,8000,11,1,7000,6,300000,6000,6,200000,5500,12,1,5000,6,50000,-1,	//1ステージ

//赤い敵版闇討ち　4マップ目
//消費統率力			0
//クリア時の獲得XP		1
//サウンド（スタート時）	2
//サウンド ボス出現時の城体力％	3
//サウンド（ボス）		4
//アイテム入手確率		0～100%
//アイテム番号	0:スピードアップ	1:トレジャーレーダー	2:ネコボン	3:ニャンピュータ	4：おかめはちもく	5:スニャイパー	6:XP	11:にゃんこチケット	12：レアチケット
//貰える数		0
