3,-1,49,-1,-1,    //マップ番号 0～16,　アイテム報酬型ステージ設定(-1:OFF 0:ON),　スコア報酬型ステージ設定(-1:OFF 0:ON)
3,					//マップパターン 0～3
60,1800,32,100,32,0,1,1,-2,-2,-2,-2,-2,-2,-2,1,9000,6,150000,8000,6,100000,4000,11,1,-1,	//1ステージ

//赤い敵版闇討ち　2マップ目
//消費統率力			0
//クリア時の獲得XP		1
//サウンド（スタート時）	2
//サウンド ボス出現時の城体力％	3
//サウンド（ボス）		4
//アイテム入手確率		0～100%
//アイテム番号	0:スピードアップ	1:トレジャーレーダー	2:ネコボン	3:ニャンピュータ	4：おかめはちもく	5:スニャイパー	6:XP	11:にゃんこチケット	12：レアチケット
//貰える数		0
									