14,78,-1,-1,-1,    //マップ番号 0～16,　アイテム報酬型ステージ設定(-1:OFF),　スコア報酬型ステージ設定(-1:OFF)
6,					//マップパターン 0～
100,1900,3,99,33,100,107,1,1,30,107,1,-1,	//1ステージ
100,1900,31,100,31,100,107,1,1,45,107,1,-1, //2ステージ
100,1900,30,99,33,100,107,2,1,5,107,2,60,107,1,-1, //3ステージ
100,1900,32,100,32,100,107,2,1,10,107,2,75,107,1,-1, //4ステージ
100,1900,3,99,33,100,107,3,1,10,107,3,90,107,1,-1, //5ステージ


//受験戦争
//消費統率力			0
//クリア時の獲得XP		1
//サウンド（スタート時）	2
//サウンド ボス出現時の城体力％	3
//サウンド（ボス）		4
//アイテム入手確率		0～100%
//アイテム番号	0:スピードアップ	1:トレジャーレーダー	2:ネコボン	3:ニャンピュータ	4：おかめはちもく	5:スニャイパー	6:XP	11:にゃんこチケット	12：レアチケット
//貰える数		0
